onset;duration;period;division;bar;beat;tatum;beat_duration;signature;pitch;phrase_id;phrase_begin;chorus_id;chord;form;idea
5.33768707483;0.138775510204;4;4;0;2;4;0.216281179138;"""4/4""";73;1;1;-1;NC;I1;melody
5.48281179138;0.0885260770975;4;2;0;3;2;0.212142857143;"""4/4""";71;1;0;-1;NC;I1;melody
5.57959183673;0.10612244898;4;3;0;4;1;0.212142857143;"""4/4""";73;1;0;-1;NC;I1;melody
5.72448979592;0.0755102040816;4;3;0;4;3;0.212142857143;"""4/4""";71;1;0;-1;NC;I1;melody
5.80498866213;0.401995464853;4;1;1;1;1;0.22387755102;"""4/4""";69;1;0;1;E-7;A1;melody
6.20988662132;0.420861678005;4;4;1;2;4;0.22387755102;"""4/4""";66;1;0;1;E-7;A1;melody
7.09950113379;0.0928798185941;4;2;2;3;1;0.219614512472;"""4/4""";64;2;1;1;A7;A1;melody
7.19528344671;0.32798185941;4;2;2;3;2;0.219614512472;"""4/4""";66;2;0;1;A7;A1;melody
7.52551020408;0.438276643991;4;1;3;1;1;0.208117913832;"""4/4""";61;2;0;1;A7;A1;melody
9.02675736961;0.134965986395;4;2;4;4;1;0.212358276644;"""4/4""";64;3;1;1;Dj7;A1;lick
9.16752834467;0.108843537415;4;2;4;4;2;0.212358276644;"""4/4""";63;3;0;1;Dj7;A1;lick
9.27927437642;0.133514739229;4;3;5;1;1;0.20858276644;"""4/4""";65;3;0;1;D-7;A1;lick
9.42149659864;0.132063492063;4;3;5;1;3;0.20858276644;"""4/4""";67;3;0;1;D-7;A1;lick
9.55646258503;0.116099773243;4;2;5;2;2;0.20858276644;"""4/4""";69;3;0;1;D-7;A1;lick
10.6811791383;0.0972335600907;4;2;6;3;2;0.201383219955;"""4/4""";67;4;1;1;G7;A1;line_w_a
10.7842176871;0.101587301587;4;4;6;4;2;0.201383219955;"""4/4""";65;4;0;1;G7;A1;line_w_a
10.9003174603;0.0885260770975;4;4;6;4;4;0.201383219955;"""4/4""";64;4;0;1;G7;A1;line_w_a
10.9897959184;0.0938775510204;4;4;7;1;2;0.21119047619;"""4/4""";67;4;0;1;Cj7;A1;line_w_a
11.1224489796;0.0795918367347;4;4;7;1;4;0.21119047619;"""4/4""";69;4;0;1;Cj7;A1;line_w_a
11.2387755102;0.0897959183673;4;2;7;2;2;0.21119047619;"""4/4""";71;4;0;1;Cj7;A1;line_w_a
11.3487528345;0.103038548753;4;2;7;3;1;0.208129251701;"""4/4""";74;4;0;1;Cj7;A1;line_w_a
11.4604988662;0.12335600907;4;2;7;3;2;0.208129251701;"""4/4""";71;4;0;1;Cj7;A1;line_w_a
11.5911111111;0.0377324263039;4;4;7;4;1;0.208129251701;"""4/4""";72;4;0;1;Cj7;A1;line_w_a
11.6317460317;0.114648526077;4;4;7;4;2;0.208129251701;"""4/4""";74;4;0;1;Cj7;A1;line_w_a
11.7536507937;0.114648526077;4;1;8;1;1;0.213344671202;"""4/4""";76;4;0;1;Cj7;A1;line_w_a
12.8957823129;0.108843537415;4;2;9;2;2;0.19925170068;"""4/4""";74;5;1;1;C-7;A1;line_w_d
13.0133333333;0.103038548753;4;4;9;3;1;0.214784580499;"""4/4""";75;5;0;1;C-7;A1;line_w_d
13.2005442177;0.11029478458;4;4;9;3;4;0.214784580499;"""4/4""";71;5;0;1;C-7;A1;line_w_d
13.3282539683;0.107392290249;4;2;9;4;2;0.214784580499;"""4/4""";74;5;0;1;C-7;A1;line_w_d
13.4385487528;0.0957823129252;4;2;10;1;1;0.197369614512;"""4/4""";72;5;0;1;C-7;A1;line_w_d
13.5386848073;0.0798185941043;4;2;10;1;2;0.197369614512;"""4/4""";70;5;0;1;F7;A1;line_w_d
13.6214058957;0.0798185941043;4;2;10;2;1;0.197369614512;"""4/4""";67;5;0;1;F7;A1;line_w_d
13.7041269841;0.101587301587;4;2;10;2;2;0.197369614512;"""4/4""";68;5;0;1;F7;A1;line_w_d
13.8187755102;0.107392290249;4;2;10;3;1;0.206587301587;"""4/4""";69;5;0;1;F7;A1;line_w_d
13.9363265306;0.100136054422;4;2;10;3;2;0.206587301587;"""4/4""";67;5;0;1;F7;A1;line_w_d
14.0437188209;0.105941043084;4;1;10;4;1;0.206587301587;"""4/4""";63;5;0;1;F7;A1;line_w_d
15.0785714286;0.0989795918367;4;4;12;1;1;0.218197278912;"""4/4""";65;6;1;1;Bbj7;A1;lick
15.1887755102;0.0928571428571;4;4;12;1;3;0.218197278912;"""4/4""";67;6;0;1;Ebj7;A1;lick
15.2897959184;0.109183673469;4;4;12;1;4;0.218197278912;"""4/4""";69;6;0;1;Ebj7;A1;lick
15.4020408163;0.0744897959184;4;4;12;2;2;0.218197278912;"""4/4""";70;6;0;1;Ebj7;A1;lick
15.4993197279;0.25977324263;4;4;12;2;4;0.218197278912;"""4/4""";72;6;0;1;Ebj7;A1;lick
15.7750566893;0.146575963719;4;1;12;4;1;0.204410430839;"""4/4""";70;6;0;1;Ebj7;A1;lick
15.9434013605;0.294603174603;4;1;13;1;1;0.212222222222;"""4/4""";69;6;0;1;Ebj7;A1;lick
16.253968254;0.368616780045;4;2;13;2;2;0.212222222222;"""4/4""";69;6;0;1;E-7;A1;lick
16.9505668934;0.0696598639456;4;3;14;2;1;0.200884353741;"""4/4""";60;7;1;1;F7;A1;line_w
17.0289342404;0.0812698412698;4;3;14;2;2;0.200884353741;"""4/4""";63;7;0;1;F7;A1;line_w
17.1174603175;0.116099773243;4;3;14;2;3;0.200884353741;"""4/4""";65;7;0;1;F7;A1;line_w
17.2350113379;0.114648526077;4;2;14;3;2;0.202346938776;"""4/4""";67;7;0;1;F7;A1;line_w
17.3598185941;0.0624036281179;4;2;14;4;1;0.202346938776;"""4/4""";69;7;0;1;F7;A1;line_w
17.4628571429;0.06820861678;4;2;14;4;2;0.202346938776;"""4/4""";70;7;0;1;F7;A1;line_w
17.5600907029;0.111746031746;4;2;15;1;1;0.216349206349;"""4/4""";72;7;0;1;F7;A1;line_w
17.683446712;0.0740136054422;4;2;15;1;2;0.216349206349;"""4/4""";70;7;0;1;Bbj7;A1;line_w
17.7632653061;0.126258503401;4;2;15;2;1;0.216349206349;"""4/4""";72;7;0;1;Bbj7;A1;line_w
17.8909750567;0.0885260770975;4;2;15;2;2;0.216349206349;"""4/4""";70;7;0;1;Bbj7;A1;line_w
17.9882086168;0.107392290249;4;2;15;3;1;0.204217687075;"""4/4""";69;7;0;1;Bbj7;A1;line_w
18.0970521542;0.11029478458;4;2;15;3;2;0.204217687075;"""4/4""";65;7;0;1;Bbj7;A1;line_w
19.4469387755;0.122448979592;4;2;17;2;1;0.207346938776;"""4/4""";73;8;1;1;E-7;A2;#6melody
19.5787755102;0.103038548753;4;2;17;2;2;0.207346938776;"""4/4""";71;8;0;1;E-7;A2;#6melody
19.6857142857;0.277551020408;4;1;17;3;1;0.213185941043;"""4/4""";73;8;0;1;E-7;A2;#6melody
19.9691609977;0.132063492063;4;2;17;4;2;0.213185941043;"""4/4""";71;8;0;1;E-7;A2;#6melody
20.106122449;0.391836734694;4;1;18;1;1;0.223526077098;"""4/4""";69;8;0;1;A7;A2;#6melody
20.514829932;0.348979591837;4;1;18;3;1;0.211156462585;"""4/4""";66;8;0;1;A7;A2;#6melody
20.9066666667;0.514285714286;4;2;18;4;2;0.211156462585;"""4/4""";64;8;0;1;A7;A2;#6melody
21.4247619048;0.139319727891;4;1;19;3;1;0.224376417234;"""4/4""";66;8;0;1;Dj7;A2;#6melody
22.4536961451;0.102040816327;4;3;20;4;1;0.216655328798;"""4/4""";62;9;1;1;Dj7;A2;lick
22.5625396825;0.0856235827664;4;3;20;4;2;0.216655328798;"""4/4""";61;9;0;1;Dj7;A2;lick
22.6481632653;0.127709750567;4;3;20;4;3;0.216655328798;"""4/4""";62;9;0;1;Dj7;A2;lick
22.777324263;0.089977324263;4;4;21;1;2;0.208253968254;"""4/4""";64;9;0;1;D-7;A2;lick
22.873106576;0.375873015873;4;4;21;1;4;0.208253968254;"""4/4""";65;9;0;1;D-7;A2;lick
23.2533333333;0.240907029478;4;2;21;3;2;0.203605442177;"""4/4""";67;9;0;1;D-7;A2;lick
23.4971428571;0.242358276644;4;1;22;1;1;0.206020408163;"""4/4""";69;9;0;1;D-7;A2;lick
23.7888435374;0.108843537415;4;4;22;2;2;0.206020408163;"""4/4""";71;9;0;1;G7;A2;~line_t_asdl
23.9034920635;0.108843537415;4;4;22;2;4;0.206020408163;"""4/4""";72;9;0;1;G7;A2;~line_t_asdl
24.0195918367;0.0783673469388;4;2;22;3;2;0.199829931973;"""4/4""";73;9;0;1;G7;A2;~line_t_asdl
24.1052154195;0.089977324263;4;2;22;4;1;0.199829931973;"""4/4""";74;9;0;1;G7;A2;~line_t_asdl
24.1966439909;0.107392290249;4;2;22;4;2;0.199829931973;"""4/4""";76;9;0;1;G7;A2;~line_t_asdl
24.3098412698;0.114648526077;4;2;23;1;1;0.208310657596;"""4/4""";74;9;0;1;G7;A2;~line_t_asdl
24.4259410431;0.130612244898;4;2;23;1;2;0.208310657596;"""4/4""";72;9;0;1;Cj7;A2;~line_t_asdl
24.5609070295;0.0565986394558;4;3;23;2;1;0.208310657596;"""4/4""";71;9;0;1;Cj7;A2;~line_t_asdl
24.6240362812;0.0914285714286;4;3;23;2;2;0.208310657596;"""4/4""";69;9;0;1;Cj7;A2;~line_t_asdl
24.7169160998;0.120453514739;4;3;23;2;3;0.208310657596;"""4/4""";67;9;0;1;Cj7;A2;~line_t_asdl
24.8569614512;0.113197278912;4;2;23;3;2;0.212471655329;"""4/4""";66;9;0;1;Cj7;A2;~line_t_asdl
24.9832199546;0.103038548753;4;2;23;4;1;0.212471655329;"""4/4""";65;9;0;1;Cj7;A2;~line_t_asdl
25.1022222222;0.0943310657596;4;2;23;4;2;0.212471655329;"""4/4""";64;9;0;1;Cj7;A2;~line_t_asdl
25.9221768707;0.0769160997732;4;3;24;4;2;0.216031746032;"""4/4""";64;10;1;1;Cj7;A2;line_w
26.003446712;0.0856235827664;4;3;24;4;3;0.216031746032;"""4/4""";63;10;0;1;Cj7;A2;line_w
26.0948979592;0.0938775510204;4;4;25;1;2;0.216780045351;"""4/4""";65;10;0;1;C-7;A2;line_w
26.1969387755;0.0989795918367;4;4;25;1;4;0.216780045351;"""4/4""";67;10;0;1;C-7;A2;line_w
26.3053061224;0.0464399092971;4;2;25;2;1;0.216780045351;"""4/4""";70;10;0;1;C-7;A2;line_w
26.398185941;0.116099773243;4;2;25;2;2;0.216780045351;"""4/4""";74;10;0;1;C-7;A2;line_w
26.5224489796;0.0918367346939;4;4;25;3;2;0.199920634921;"""4/4""";75;10;0;1;C-7;A2;line_w
26.6173469388;0.10612244898;4;4;25;3;4;0.199920634921;"""4/4""";74;10;0;1;C-7;A2;line_w
26.7265306122;0.0887755102041;4;4;25;4;2;0.199920634921;"""4/4""";72;10;0;1;C-7;A2;line_w
26.8234693878;0.0928571428571;4;4;25;4;4;0.199920634921;"""4/4""";71;10;0;1;C-7;A2;line_w
26.9234693878;0.105102040816;4;4;26;1;2;0.205090702948;"""4/4""";74;10;0;1;F7;A2;line_w
27.037755102;0.104081632653;4;4;26;1;4;0.205090702948;"""4/4""";72;10;0;1;F7;A2;line_w
27.1510204082;0.0938775510204;4;4;26;2;2;0.205090702948;"""4/4""";70;10;0;1;F7;A2;line_w
27.25;0.102040816327;4;4;26;2;4;0.205090702948;"""4/4""";69;10;0;1;F7;A2;line_w
27.356122449;0.124489795918;4;2;26;3;2;0.207732426304;"""4/4""";67;10;0;1;F7;A2;line_w
27.4897959184;0.0857142857143;4;2;26;4;1;0.207732426304;"""4/4""";66;10;0;1;F7;A2;line_w
27.5765306122;0.0948979591837;4;2;26;4;2;0.207732426304;"""4/4""";64;10;0;1;F7;A2;line_w
27.6795918367;0.119387755102;4;2;27;1;1;0.219920634921;"""4/4""";65;10;0;1;F7;A2;line_w
27.8102494331;0.0986848072562;4;2;27;1;2;0.219920634921;"""4/4""";60;10;0;1;Bbj7;A2;line_w
27.9365079365;0.0638548752834;4;3;27;2;1;0.219920634921;"""4/4""";62;10;0;1;Bbj7;A2;line_w
28.0204081633;0.065306122449;4;3;27;2;2;0.219920634921;"""4/4""";60;10;0;1;Bbj7;A2;line_w
28.0918367347;0.116326530612;4;3;27;2;3;0.219920634921;"""4/4""";65;10;0;1;Bbj7;A2;line_w
28.2102040816;0.116326530612;4;2;27;3;2;0.219591836735;"""4/4""";67;10;0;1;Bbj7;A2;line_w
28.3326530612;0.0734693877551;4;4;27;4;1;0.219591836735;"""4/4""";69;10;0;1;Bbj7;A2;line_w
28.4142857143;0.118367346939;4;4;27;4;2;0.219591836735;"""4/4""";70;10;0;1;Bbj7;A2;line_w
28.5387755102;0.297959183673;4;4;27;4;4;0.219591836735;"""4/4""";72;10;0;1;Bbj7;A2;line_w
28.8857142857;0.0714285714286;4;2;28;2;2;0.200408163265;"""4/4""";73;10;0;1;Ebj7;A2;~lick
28.9632653061;0.108163265306;4;2;28;3;1;0.220170068027;"""4/4""";72;10;0;1;Ebj7;A2;~lick
29.0795918367;0.126530612245;4;2;28;3;2;0.220170068027;"""4/4""";70;10;0;1;Ebj7;A2;~lick
29.3673469388;0.136734693878;4;4;28;4;4;0.220170068027;"""4/4""";69;10;0;1;Ebj7;A2;~lick
29.5306122449;0.120408163265;4;2;29;1;2;0.20014739229;"""4/4""";69;10;0;1;E-7;A2;~lick
30.4612244898;0.108163265306;4;2;30;2;1;0.220272108844;"""4/4""";61;11;1;1;A7;A2;line_w_a
30.5693877551;0.0918367346939;4;2;30;2;2;0.220272108844;"""4/4""";63;11;0;1;A7;A2;line_w_a
30.6673469388;0.0938775510204;4;2;30;3;1;0.216213151927;"""4/4""";65;11;0;1;A7;A2;line_w_a
30.7671655329;0.124807256236;4;2;30;3;2;0.216213151927;"""4/4""";67;11;0;1;A7;A2;line_w_a
30.8941496599;0.0928798185941;4;2;30;4;1;0.216213151927;"""4/4""";69;11;0;1;A7;A2;line_w_a
30.9971882086;0.0979591836735;4;2;30;4;2;0.216213151927;"""4/4""";70;11;0;1;A7;A2;line_w_a
31.0980498866;0.118276643991;4;4;31;1;1;0.211473922902;"""4/4""";72;11;0;1;A7;A2;line_w_a
31.2206802721;0.0515192743764;4;4;31;1;3;0.211473922902;"""4/4""";70;11;0;1;Dj7;A2;line_w_a
31.2780045351;0.119727891156;4;4;31;1;4;0.211473922902;"""4/4""";72;11;0;1;Dj7;A2;line_w_a
31.3999092971;0.105215419501;4;4;31;2;2;0.211473922902;"""4/4""";70;11;0;1;Dj7;A2;line_w_a
31.5080272109;0.197369614512;4;4;31;2;4;0.211473922902;"""4/4""";69;11;0;1;Dj7;A2;line_w_a
33.2016326531;0.116099773243;4;2;33;3;1;0.221439909297;"""4/4""";73;12;1;2;E-7;A1;#6melody
33.3183673469;0.261224489796;4;2;33;3;2;0.221439909297;"""4/4""";76;12;0;2;E-7;A1;#6melody
33.5862131519;0.441179138322;4;1;34;1;1;0.220181405896;"""4/4""";73;12;0;2;E-7;A1;#6melody
34.0346485261;0.388934240363;4;1;34;3;1;0.20746031746;"""4/4""";71;12;0;2;A7;A1;#6melody
34.4293877551;0.165442176871;4;4;34;4;4;0.20746031746;"""4/4""";69;12;0;2;A7;A1;#6melody
34.5979591837;0.648979591837;4;2;35;1;2;0.209263038549;"""4/4""";65;12;0;2;Dj7;A1;#6melody
35.2571428571;0.191836734694;4;2;35;4;2;0.215578231293;"""4/4""";66;12;0;2;Dj7;A1;#6melody
36.5278911565;0.110204081633;4;4;37;2;4;0.204092970522;"""4/4""";62;13;1;2;D-7;A1;line_w_a
36.6454421769;0.0673469387755;4;3;37;3;2;0.208253968254;"""4/4""";64;13;0;2;D-7;A1;line_w_a
36.7180045351;0.11029478458;4;3;37;3;3;0.208253968254;"""4/4""";65;13;0;2;D-7;A1;line_w_a
36.8326530612;0.100136054422;4;4;37;4;2;0.208253968254;"""4/4""";67;13;0;2;D-7;A1;line_w_a
36.9414965986;0.12335600907;4;4;37;4;4;0.208253968254;"""4/4""";64;13;0;2;D-7;A1;line_w_a
37.067755102;0.06820861678;4;2;38;1;2;0.196179138322;"""4/4""";65;13;0;2;G7;A1;line_w_a
37.1432199546;0.0885260770975;4;2;38;2;1;0.196179138322;"""4/4""";62;13;0;2;G7;A1;line_w_a
37.2491609977;0.103038548753;4;2;38;2;2;0.196179138322;"""4/4""";60;13;0;2;G7;A1;line_w_a
37.356553288;0.103038548753;4;2;38;3;1;0.205056689342;"""4/4""";59;13;0;2;G7;A1;line_w_a
37.4813605442;0.0856235827664;4;2;38;3;2;0.205056689342;"""4/4""";63;13;0;2;G7;A1;line_w_a
37.5771428571;0.0972335600907;4;2;38;4;1;0.205056689342;"""4/4""";65;13;0;2;G7;A1;line_w_a
37.6772789116;0.108843537415;4;2;38;4;2;0.205056689342;"""4/4""";69;13;0;2;G7;A1;line_w_a
37.7919274376;0.0943310657596;4;2;39;1;1;0.219421768707;"""4/4""";67;13;0;2;Cj7;A1;line_w_a
37.8964172336;0.116099773243;4;2;39;1;2;0.219421768707;"""4/4""";65;13;0;2;Cj7;A1;line_w_a
38.0183219955;0.0885260770975;4;2;39;2;1;0.219421768707;"""4/4""";62;13;0;2;Cj7;A1;line_w_a
38.1126530612;0.0783673469388;4;2;39;2;2;0.219421768707;"""4/4""";63;13;0;2;Cj7;A1;line_w_a
38.1953741497;0.0856235827664;4;2;39;3;1;0.212324263039;"""4/4""";64;13;0;2;Cj7;A1;line_w_a
38.3085714286;0.0914285714286;4;2;39;3;2;0.212324263039;"""4/4""";65;13;0;2;Cj7;A1;line_w_a
38.4058049887;0.100136054422;4;2;39;4;1;0.212324263039;"""4/4""";67;13;0;2;Cj7;A1;line_w_a
38.5175510204;0.108843537415;4;2;39;4;2;0.212324263039;"""4/4""";69;13;0;2;Cj7;A1;line_w_a
38.627845805;0.116099773243;4;2;40;1;1;0.201065759637;"""4/4""";71;13;0;2;Cj7;A1;line_w_a
38.7482993197;0.0783673469388;4;2;40;1;2;0.201065759637;"""4/4""";72;13;0;2;Cj7;A1;line_w_a
38.8326530612;0.118367346939;4;2;40;2;1;0.201065759637;"""4/4""";74;13;0;2;Cj7;A1;line_w_a
38.9630839002;0.11029478458;4;2;40;2;2;0.201065759637;"""4/4""";71;13;0;2;Cj7;A1;line_w_a
39.074829932;0.06820861678;4;3;40;3;1;0.211496598639;"""4/4""";72;13;0;2;Cj7;A1;line_w_a
39.1502947846;0.065306122449;4;3;40;3;2;0.211496598639;"""4/4""";74;13;0;2;Cj7;A1;line_w_a
39.2170521542;0.140770975057;4;3;40;3;3;0.211496598639;"""4/4""";76;13;0;2;Cj7;A1;line_w_a
39.5087528345;0.39619047619;4;1;41;1;1;0.206077097506;"""4/4""";75;13;0;2;C-7;A1;line_w
39.9092970522;0.287346938776;4;1;41;3;1;0.226394557823;"""4/4""";74;13;0;2;C-7;A1;line_w
40.2430839002;0.0972335600907;4;2;41;4;2;0.226394557823;"""4/4""";72;13;0;2;C-7;A1;line_w
40.3417687075;0.100136054422;4;2;42;1;1;0.22433106576;"""4/4""";71;13;0;2;F7;A1;line_w
40.4462585034;0.108843537415;4;2;42;1;2;0.22433106576;"""4/4""";74;13;0;2;F7;A1;line_w
40.5551020408;0.108843537415;4;2;42;2;1;0.22433106576;"""4/4""";72;13;0;2;F7;A1;line_w
40.6682993197;0.100136054422;4;2;42;2;2;0.22433106576;"""4/4""";70;13;0;2;F7;A1;line_w
40.7785941043;0.0972335600907;4;2;42;3;1;0.211405895692;"""4/4""";69;13;0;2;F7;A1;line_w
40.8801814059;0.11029478458;4;2;42;3;2;0.211405895692;"""4/4""";67;13;0;2;F7;A1;line_w
40.9919274376;0.0957823129252;4;2;42;4;1;0.211405895692;"""4/4""";63;13;0;2;F7;A1;line_w
41.0959183673;0.0857142857143;4;2;42;4;2;0.211405895692;"""4/4""";64;13;0;2;F7;A1;line_w
41.196553288;0.121904761905;4;1;43;1;1;0.214421768707;"""4/4""";65;13;0;2;F7;A1;line_w
41.6459183673;0.0673469387755;4;3;43;3;1;0.225385487528;"""4/4""";62;14;1;2;Bbj7;A1;lick
41.7234693878;0.0928571428571;4;3;43;3;2;0.225385487528;"""4/4""";63;14;0;2;Bbj7;A1;lick
41.8193877551;0.111224489796;4;3;43;3;3;0.225385487528;"""4/4""";65;14;0;2;Bbj7;A1;lick
41.9346938776;0.111224489796;4;4;43;4;2;0.225385487528;"""4/4""";67;14;0;2;Bbj7;A1;lick
42.0520408163;0.0826530612245;4;4;43;4;4;0.225385487528;"""4/4""";69;14;0;2;Bbj7;A1;lick
42.1540816327;0.120408163265;4;2;44;1;2;0.203888888889;"""4/4""";70;14;0;2;Ebj7;A1;lick
42.2785714286;0.0908163265306;4;2;44;2;1;0.203888888889;"""4/4""";72;14;0;2;Ebj7;A1;lick
42.3724489796;0.0979591836735;4;2;44;2;2;0.203888888889;"""4/4""";70;14;0;2;Ebj7;A1;lick
42.4775510204;0.124489795918;4;2;44;3;1;0.215884353742;"""4/4""";72;14;0;2;Ebj7;A1;lick
42.6040816327;0.25306122449;4;2;44;3;2;0.215884353742;"""4/4""";70;14;0;2;Ebj7;A1;lick
42.8654875283;0.256870748299;4;2;44;4;2;0.215884353741;"""4/4""";69;14;0;2;Ebj7;A1;lick
43.125260771;0.179954648526;4;1;45;2;1;0.208174603175;"""4/4""";69;14;0;2;E-7;A1;lick
43.3255328798;0.146575963719;4;1;45;3;1;0.211882086168;"""4/4""";69;14;0;2;E-7;A1;lick
44.1672562358;0.0938775510204;4;4;46;2;4;0.217256235828;"""4/4""";69;15;1;2;F7;A1;line_w_d
44.2688435374;0.0914285714286;4;4;46;3;2;0.210362811791;"""4/4""";70;15;0;2;F7;A1;line_w_d
44.3631746032;0.113197278912;4;4;46;3;4;0.210362811791;"""4/4""";72;15;0;2;F7;A1;line_w_d
44.4807256236;0.0812698412698;4;3;46;4;2;0.210362811791;"""4/4""";70;15;0;2;F7;A1;line_w_d
44.5642857143;0.119387755102;4;3;46;4;3;0.210362811791;"""4/4""";69;15;0;2;F7;A1;line_w_d
44.6867346939;0.128571428571;4;2;47;1;2;0.202188208617;"""4/4""";67;15;0;2;Bbj7;A1;line_w_d
44.8214285714;0.0612244897959;4;3;47;2;1;0.202188208617;"""4/4""";66;15;0;2;Bbj7;A1;line_w_d
44.8918367347;0.124489795918;4;3;47;2;2;0.202188208617;"""4/4""";64;15;0;2;Bbj7;A1;line_w_d
45.0204081633;0.104081632653;4;2;47;3;1;0.208628117914;"""4/4""";65;15;0;2;Bbj7;A1;line_w_d
45.1346938776;0.132653061224;4;2;47;3;2;0.208628117914;"""4/4""";62;15;0;2;Bbj7;A1;line_w_d
46.0367346939;0.0775510204082;4;3;48;4;1;0.20977324263;"""4/4""";57;16;1;2;A79#;A1;line_a
46.1275510204;0.0724489795918;4;3;48;4;2;0.20977324263;"""4/4""";58;16;0;2;A79#;A1;line_a
46.2224489796;0.0826530612245;4;3;48;4;3;0.20977324263;"""4/4""";61;16;0;2;A79#;A1;line_a
46.3397959184;0.0857142857143;4;3;49;1;2;0.222947845805;"""4/4""";62;16;0;2;E-7;A2;line_a
46.4336734694;0.102040816327;4;3;49;1;3;0.222947845805;"""4/4""";64;16;0;2;E-7;A2;line_a
46.543877551;0.119387755102;4;4;49;2;2;0.222947845805;"""4/4""";65;16;0;2;E-7;A2;line_a
46.6724489796;0.0887755102041;4;4;49;2;4;0.222947845805;"""4/4""";67;16;0;2;E-7;A2;line_a
46.7704081633;0.0795918367347;4;3;49;3;2;0.211111111111;"""4/4""";68;16;0;2;E-7;A2;line_a
46.8571428571;0.162244897959;4;3;49;3;3;0.211111111111;"""4/4""";69;16;0;2;E-7;A2;line_a
47.0224489796;0.264285714286;4;2;49;4;2;0.211111111111;"""4/4""";71;16;0;2;E-7;A2;line_a
47.2908163265;0.421428571429;4;4;50;1;4;0.212607709751;"""4/4""";73;16;0;2;A7;A2;line_a
47.7183673469;0.117346938776;4;4;50;3;4;0.216213151927;"""4/4""";71;16;0;2;A7;A2;~#13lick
47.843877551;0.122448979592;4;2;50;4;2;0.216213151927;"""4/4""";73;16;0;2;A7;A2;~#13lick
47.9693877551;0.148979591837;4;3;51;1;1;0.216746031746;"""4/4""";69;16;0;2;A7;A2;~#13lick
48.1193877551;0.304081632653;4;3;51;1;3;0.216746031746;"""4/4""";66;16;0;2;Dj7;A2;~#13lick
48.4285714286;0.39387755102;4;1;51;3;1;0.21768707483;"""4/4""";64;16;0;2;Dj7;A2;~#13lick
48.8387755102;0.124489795918;4;1;52;1;1;0.203458049887;"""4/4""";66;16;0;2;Dj7;A2;~#13lick
50.0142857143;0.0918367346939;4;2;53;2;2;0.208775510204;"""4/4""";73;17;1;2;D-7;A2;line_w
50.1142857143;0.0979591836735;4;2;53;3;1;0.206077097506;"""4/4""";74;17;0;2;D-7;A2;line_w
50.2183673469;0.1;4;2;53;3;2;0.206077097506;"""4/4""";76;17;0;2;D-7;A2;line_w
50.3204081633;0.108163265306;4;3;53;4;1;0.206077097506;"""4/4""";74;17;0;2;D-7;A2;line_w
50.4489795918;0.10612244898;4;3;53;4;3;0.206077097506;"""4/4""";72;17;0;2;D-7;A2;line_w
50.5673469388;0.0612244897959;4;3;54;1;2;0.218083900227;"""4/4""";71;17;0;2;G7;A2;line_w
50.6326530612;0.0938775510204;4;3;54;1;3;0.218083900227;"""4/4""";69;17;0;2;G7;A2;line_w
50.7306122449;0.10612244898;4;2;54;2;1;0.218083900227;"""4/4""";67;17;0;2;G7;A2;line_w
50.8428571429;0.0938775510204;4;2;54;2;2;0.218083900227;"""4/4""";65;17;0;2;G7;A2;line_w
50.9510204082;0.0836734693878;4;2;54;3;1;0.20933106576;"""4/4""";64;17;0;2;G7;A2;line_w
51.0408163265;0.0897959183673;4;2;54;3;2;0.20933106576;"""4/4""";67;17;0;2;G7;A2;line_w
51.1367346939;0.10612244898;4;2;54;4;1;0.20933106576;"""4/4""";69;17;0;2;G7;A2;line_w
51.2469387755;0.110204081633;4;2;54;4;2;0.20933106576;"""4/4""";71;17;0;2;G7;A2;line_w
51.3571428571;0.124489795918;4;2;55;1;1;0.218458049887;"""4/4""";74;17;0;2;G7;A2;line_w
51.4897959184;0.108163265306;4;2;55;1;2;0.218458049887;"""4/4""";71;17;0;2;Cj7;A2;line_w
51.6;0.0714285714286;4;2;55;2;1;0.218458049887;"""4/4""";72;17;0;2;Cj7;A2;line_w
51.6734693878;0.104081632653;4;2;55;2;2;0.218458049887;"""4/4""";74;17;0;2;Cj7;A2;line_w
51.7816326531;0.0946485260771;4;3;55;3;1;0.22806122449;"""4/4""";76;17;0;2;Cj7;A2;line_w
51.8762811791;0.0536961451247;4;3;55;3;2;0.22806122449;"""4/4""";79;17;0;2;Cj7;A2;line_w
51.9343310658;0.0609523809524;4;3;55;3;3;0.22806122449;"""4/4""";77;17;0;2;Cj7;A2;line_w
52.0039909297;0.148027210884;4;1;55;4;1;0.22806122449;"""4/4""";77;17;0;2;Cj7;A2;line_w
52.970521542;0.0522448979592;4;4;56;4;2;0.216303854875;"""4/4""";78;18;1;2;Cj7;A2;lick
53.0242176871;0.0595011337868;4;4;56;4;3;0.216303854875;"""4/4""";76;18;0;2;Cj7;A2;lick
53.0909750567;0.142222222222;4;4;56;4;4;0.216303854875;"""4/4""";75;18;0;2;Cj7;A2;lick
53.4102494331;0.0885260770975;4;3;57;2;2;0.211156462585;"""4/4""";74;18;0;2;C-7;A2;lick
53.5002267574;0.143673469388;4;3;57;2;3;0.211156462585;"""4/4""";72;18;0;2;C-7;A2;lick
53.9326984127;0.103038548753;4;4;57;4;4;0.205249433107;"""4/4""";71;18;0;2;C-7;A2;line_w_d
54.0415419501;0.0928798185941;4;4;58;1;2;0.212154195011;"""4/4""";74;18;0;2;F7;A2;line_w_d
54.1402267574;0.0986848072562;4;4;58;1;4;0.212154195011;"""4/4""";72;18;0;2;F7;A2;line_w_d
54.243877551;0.0928798185941;4;4;58;2;2;0.212154195011;"""4/4""";70;18;0;2;F7;A2;line_w_d
54.3434013605;0.0943310657596;4;4;58;2;4;0.212154195011;"""4/4""";69;18;0;2;F7;A2;line_w_d
54.4478911565;0.0957823129252;4;4;58;3;2;0.200181405896;"""4/4""";67;18;0;2;F7;A2;line_w_d
54.5510204082;0.110204081633;4;4;58;3;4;0.200181405896;"""4/4""";67;18;0;2;F7;A2;line_w_d
54.6653061224;0.126530612245;4;2;58;4;2;0.200181405896;"""4/4""";63;18;0;2;F7;A2;line_w_d
54.794739229;0.111746031746;4;1;59;1;1;0.211451247166;"""4/4""";65;18;0;2;Bbj7;A2;line_w_d
55.2141496599;0.110204081633;4;2;59;3;1;0.212335600907;"""4/4""";62;19;1;2;Bbj7;A2;line_w
55.3375056689;0.0667573696145;4;2;59;3;2;0.212335600907;"""4/4""";63;19;0;2;Bbj7;A2;line_w
55.4100680272;0.104489795918;4;2;59;4;1;0.212335600907;"""4/4""";65;19;0;2;Bbj7;A2;line_w
55.5224489796;0.10612244898;4;2;59;4;2;0.212335600907;"""4/4""";67;19;0;2;Bbj7;A2;line_w
55.6285714286;0.0816326530612;4;2;60;1;1;0.216065759637;"""4/4""";69;19;0;2;Bbj7;A2;line_w
55.7244897959;0.115306122449;4;2;60;1;2;0.216065759637;"""4/4""";70;19;0;2;Ebj7;A2;line_w
55.8428571429;0.119387755102;4;2;60;2;1;0.216065759637;"""4/4""";72;19;0;2;Ebj7;A2;line_w
55.9724489796;0.080612244898;4;2;60;2;2;0.216065759637;"""4/4""";70;19;0;2;Ebj7;A2;line_w
56.0540816327;0.111224489796;4;2;60;3;1;0.216326530612;"""4/4""";72;19;0;2;Ebj7;A2;line_w
56.1714285714;0.101020408163;4;2;60;3;2;0.216326530612;"""4/4""";74;19;0;2;Ebj7;A2;line_w
56.2744897959;0.111224489796;4;2;60;4;1;0.216326530612;"""4/4""";72;19;0;2;Ebj7;A2;line_w
56.3969387755;0.0826530612245;4;2;60;4;2;0.216326530612;"""4/4""";70;19;0;2;Ebj7;A2;line_w
56.4836734694;0.155102040816;4;3;61;1;1;0.21731292517;"""4/4""";69;19;0;2;Ebj7;A2;line_w
56.6448979592;0.136734693878;4;3;61;1;3;0.21731292517;"""4/4""";69;19;0;2;E-7;A2;line_w
56.9672562358;0.42231292517;4;1;61;3;1;0.22253968254;"""4/4""";69;19;0;2;E-7;A2;line_w
59.2265306122;0.0877551020408;4;2;64;1;2;0.21112244898;"""4/4""";72;20;1;2;E-7;A2;lick
59.3204081633;0.583673469388;4;1;64;2;1;0.21112244898;"""4/4""";74;20;0;2;E-7;A2;lick
59.9103854875;0.145124716553;4;4;64;4;4;0.227380952381;"""4/4""";74;20;0;2;A79#;A2;lick
60.343877551;0.418367346939;4;4;65;2;4;0.209614512472;"""4/4""";74;20;0;3;E-7;A1;lick
60.7695238095;0.426530612245;4;1;66;1;1;0.218344671202;"""4/4""";74;20;0;3;E-7;A1;lick
61.2030612245;0.30612244898;4;1;66;3;1;0.218492063492;"""4/4""";73;20;0;3;A7;A1;lick
61.5531972789;0.112244897959;4;2;66;4;2;0.218492063492;"""4/4""";71;20;0;3;A7;A1;lick
61.6795918367;0.121428571429;4;2;67;1;1;0.222120181406;"""4/4""";69;20;0;3;Dj7;A1;lick
61.806122449;0.312244897959;4;2;67;1;2;0.222120181406;"""4/4""";66;20;0;3;Dj7;A1;lick
62.1234693878;0.389795918367;4;1;67;3;1;0.212448979592;"""4/4""";64;20;0;3;Dj7;A1;lick
62.5489795918;0.130612244898;4;1;68;1;1;0.213480725624;"""4/4""";66;20;0;3;Dj7;A1;lick
63.7326530612;0.0816326530612;4;2;69;2;2;0.203537414966;"""4/4""";73;21;1;3;D-7;A1;line_w
63.8200453515;0.107392290249;4;2;69;3;1;0.215884353741;"""4/4""";74;21;0;3;D-7;A1;line_w
63.9361451247;0.100136054422;4;2;69;3;2;0.215884353741;"""4/4""";76;21;0;3;D-7;A1;line_w
64.0391836735;0.119002267574;4;2;69;4;1;0.215884353742;"""4/4""";74;21;0;3;D-7;A1;line_w
64.1639909297;0.108843537415;4;2;69;4;2;0.215884353742;"""4/4""";72;21;0;3;D-7;A1;line_w
64.2800907029;0.0914285714286;4;2;70;1;1;0.221995464853;"""4/4""";71;21;0;3;G7;A1;line_w
64.377324263;0.0798185941043;4;2;70;1;2;0.221995464853;"""4/4""";69;21;0;3;G7;A1;line_w
64.464399093;0.114648526077;4;2;70;2;1;0.221995464853;"""4/4""";67;21;0;3;G7;A1;line_w
64.5863038549;0.065306122449;4;2;70;2;2;0.221995464853;"""4/4""";65;21;0;3;G7;A1;line_w
64.657414966;0.089977324263;4;2;70;3;1;0.222709750567;"""4/4""";64;21;0;3;G7;A1;line_w
64.7632653061;0.0959183673469;4;2;70;3;2;0.222709750567;"""4/4""";67;21;0;3;G7;A1;line_w
64.8775510204;0.0959183673469;4;4;70;4;1;0.222709750567;"""4/4""";69;21;0;3;G7;A1;line_w
64.9839455782;0.103038548753;4;4;70;4;2;0.222709750567;"""4/4""";71;21;0;3;G7;A1;line_w
65.0927891156;0.116099773243;4;4;70;4;4;0.222709750567;"""4/4""";74;21;0;3;G7;A1;line_w
65.212244898;0.110204081633;4;2;71;1;2;0.222528344671;"""4/4""";71;21;0;3;Cj7;A1;line_w
65.3326530612;0.0714285714286;4;4;71;2;1;0.222528344671;"""4/4""";72;21;0;3;Cj7;A1;line_w
65.4163265306;0.0918367346939;4;4;71;2;2;0.222528344671;"""4/4""";74;21;0;3;Cj7;A1;line_w
65.5265306122;0.120408163265;4;4;71;2;4;0.222528344671;"""4/4""";76;21;0;3;Cj7;A1;line_w
65.6602267574;0.249614512472;4;2;71;3;2;0.220487528345;"""4/4""";79;21;0;3;Cj7;A1;~melody
65.9816326531;0.279591836735;4;1;72;1;1;0.21746031746;"""4/4""";77;21;0;3;Cj7;A1;~melody
66.2673469388;0.316326530612;4;1;72;2;1;0.21746031746;"""4/4""";76;21;0;3;Cj7;A1;~melody
66.5836734694;0.690816326531;4;2;72;3;2;0.205782312925;"""4/4""";75;21;0;3;Cj7;A1;~melody
67.2908163265;0.311224489796;4;1;73;3;1;0.216077097506;"""4/4""";74;21;0;3;C-7;A1;~melody
67.6081632653;0.117346938776;4;2;73;4;2;0.216077097506;"""4/4""";72;21;0;3;C-7;A1;~line_w_d
67.7326530612;0.101020408163;4;2;74;1;1;0.222335600907;"""4/4""";71;21;0;3;F7;A1;~line_w_d
67.8357142857;0.0744897959184;4;2;74;1;2;0.222335600907;"""4/4""";74;21;0;3;F7;A1;~line_w_d
67.9153061224;0.120408163265;4;4;74;2;1;0.222335600907;"""4/4""";72;21;0;3;F7;A1;~line_w_d
68.0408163265;0.080612244898;4;4;74;2;3;0.222335600907;"""4/4""";70;21;0;3;F7;A1;~line_w_d
68.1244897959;0.0948979591837;4;4;74;2;4;0.222335600907;"""4/4""";69;21;0;3;F7;A1;~line_w_d
68.2405442177;0.089977324263;4;4;74;3;2;0.218231292517;"""4/4""";67;21;0;3;F7;A1;~line_w_d
68.3450340136;0.0783673469388;4;4;74;3;4;0.218231292517;"""4/4""";66;21;0;3;F7;A1;~line_w_d
68.4379138322;0.107392290249;4;1;74;4;1;0.218231292517;"""4/4""";64;21;0;3;F7;A1;~line_w_d
68.5816326531;0.134693877551;4;1;75;1;1;0.207732426304;"""4/4""";65;21;0;3;F7;A1;~line_w_d
68.8408163265;0.0857142857143;4;2;75;2;1;0.207732426304;"""4/4""";62;21;0;3;Bbj7;A1;line_a
68.93569161;0.065306122449;4;2;75;2;2;0.207732426304;"""4/4""";63;21;0;3;Bbj7;A1;line_a
69.0155102041;0.0856235827664;4;2;75;3;1;0.218015873016;"""4/4""";65;21;0;3;Bbj7;A1;line_a
69.1127437642;0.119002267574;4;2;75;3;2;0.218015873016;"""4/4""";67;21;0;3;Bbj7;A1;line_a
69.2375510204;0.0609523809524;4;3;75;4;1;0.218015873016;"""4/4""";69;21;0;3;Bbj7;A1;line_a
69.3057596372;0.119002267574;4;3;75;4;2;0.218015873016;"""4/4""";70;21;0;3;Bbj7;A1;line_a
69.4363718821;0.142222222222;4;1;76;1;1;0.222607709751;"""4/4""";72;21;0;3;Bbj7;A1;line_a
69.8862585034;0.104489795918;4;4;76;3;1;0.214285714286;"""4/4""";72;21;0;3;Ebj7;A1;lick
69.9951020408;0.0725623582766;4;4;76;3;3;0.214285714286;"""4/4""";70;21;0;3;Ebj7;A1;lick
70.0720181406;0.089977324263;4;4;76;3;4;0.214285714286;"""4/4""";72;21;0;3;Ebj7;A1;lick
70.1692517007;0.100136054422;4;4;76;4;2;0.214285714286;"""4/4""";70;21;0;3;Ebj7;A1;lick
70.2795464853;0.120453514739;4;4;76;4;4;0.214285714286;"""4/4""";69;21;0;3;Ebj7;A1;lick
70.417414966;0.119002267574;4;2;77;1;2;0.203934240363;"""4/4""";69;21;0;3;E-7;A1;lick
71.0182312925;0.0667573696145;4;3;77;4;2;0.204229024943;"""4/4""";61;22;1;3;E-7;A1;line_w
71.0936961451;0.0696598639456;4;3;77;4;3;0.204229024943;"""4/4""";63;22;0;3;E-7;A1;line_w
71.1749659864;0.101587301587;4;2;78;1;1;0.227562358277;"""4/4""";65;22;0;3;F7;A1;line_w
71.2896145125;0.100136054422;4;2;78;1;2;0.227562358277;"""4/4""";67;22;0;3;F7;A1;line_w
71.3955555556;0.0754648526077;4;2;78;2;1;0.227562358277;"""4/4""";69;22;0;3;F7;A1;line_w
71.4840816327;0.113197278912;4;2;78;2;2;0.227562358277;"""4/4""";70;22;0;3;F7;A1;line_w
71.6045351474;0.104489795918;4;2;78;3;1;0.215351473923;"""4/4""";72;22;0;3;F7;A1;line_w
71.714829932;0.0798185941043;4;2;78;3;2;0.215351473923;"""4/4""";70;22;0;3;F7;A1;line_w
71.7960997732;0.113197278912;4;2;78;4;1;0.215351473923;"""4/4""";72;22;0;3;F7;A1;line_w
71.9180045351;0.0798185941043;4;2;78;4;2;0.215351473923;"""4/4""";70;22;0;3;F7;A1;line_w
72.0108843537;0.116099773243;4;2;79;1;1;0.216235827664;"""4/4""";69;22;0;3;F7;A1;line_w
72.1342403628;0.0914285714286;4;2;79;1;2;0.216235827664;"""4/4""";65;22;0;3;Bbj7;A1;line_w
72.2285714286;0.0972335600907;4;4;79;2;1;0.216235827664;"""4/4""";67;22;0;3;Bbj7;A1;line_w
72.3330612245;0.0928798185941;4;4;79;2;3;0.216235827664;"""4/4""";69;22;0;3;Bbj7;A1;line_w
72.4316326531;0.145918367347;4;4;79;2;4;0.216235827664;"""4/4""";65;22;0;3;Bbj7;A1;line_w
72.5806122449;0.219387755102;4;2;79;3;2;0.205702947846;"""4/4""";62;22;0;3;Bbj7;A1;line_w
73.986031746;0.0833560090703;4;2;81;2;1;0.223820861678;"""4/4""";67;23;1;3;E-7;A2;melody
74.0693877551;0.308163265306;4;2;81;2;2;0.223820861678;"""4/4""";69;23;0;3;E-7;A2;melody
74.3857142857;0.124489795918;4;2;81;4;1;0.214739229025;"""4/4""";68;23;0;3;E-7;A2;melody
74.5186394558;0.288798185941;4;2;81;4;2;0.214739229025;"""4/4""";69;23;0;3;E-7;A2;melody
74.8103401361;0.127709750567;4;2;82;2;1;0.215804988662;"""4/4""";68;23;0;3;A7;A2;melody
74.9395011338;0.275736961451;4;2;82;2;2;0.215804988662;"""4/4""";69;23;0;3;A7;A2;melody
75.2224943311;0.105941043084;4;2;82;4;1;0.21768707483;"""4/4""";68;23;0;3;A7;A2;melody
75.3313378685;0.2989569161;4;2;82;4;2;0.21768707483;"""4/4""";69;23;0;3;A7;A2;melody
75.6317460317;0.130612244898;4;4;83;1;4;0.221995464853;"""4/4""";65;23;0;3;Dj7;A2;~#-melody
75.7667120181;0.294603174603;4;2;83;2;2;0.221995464853;"""4/4""";66;23;0;3;Dj7;A2;~#-melody
76.0700226757;0.134965986395;4;4;83;3;4;0.204727891156;"""4/4""";65;23;0;3;Dj7;A2;~#-melody
76.2093424036;0.297505668934;4;2;83;4;2;0.204727891156;"""4/4""";66;23;0;3;Dj7;A2;~#-melody
76.5474829932;0.145124716553;4;3;84;2;1;0.220328798186;"""4/4""";65;23;0;3;Dj7;A2;~#-melody
76.6969614512;0.195918367347;4;3;84;2;3;0.220328798186;"""4/4""";66;23;0;3;Dj7;A2;~#-melody
77.4211337868;0.0754648526077;4;2;85;2;1;0.204217687075;"""4/4""";64;24;1;3;D-7;A2;fragment
77.5038548753;0.104489795918;4;2;85;2;2;0.204217687075;"""4/4""";65;24;0;3;D-7;A2;fragment
77.6141496599;0.0725623582766;4;1;85;3;1;0.216145124717;"""4/4""";61;24;0;3;D-7;A2;fragment
77.9639002268;0.0856235827664;4;2;85;4;2;0.216145124717;"""4/4""";64;24;0;3;D-7;A2;line_t_dsal
78.0553287982;0.100136054422;4;2;86;1;1;0.211507936508;"""4/4""";62;24;0;3;G7;A2;line_t_dsal
78.1786848073;0.0812698412698;4;2;86;1;2;0.211507936508;"""4/4""";64;24;0;3;G7;A2;line_t_dsal
78.2628571429;0.0827210884354;4;2;86;2;1;0.211507936508;"""4/4""";65;24;0;3;G7;A2;line_t_dsal
78.3528344671;0.100136054422;4;2;86;2;2;0.211507936508;"""4/4""";67;24;0;3;G7;A2;line_t_dsal
78.4616780045;0.168344671202;4;1;86;3;1;0.223027210884;"""4/4""";69;24;0;3;G7;A2;line_t_dsal
79.2424489796;0.0319274376417;4;4;87;2;3;0.216723356009;"""4/4""";76;25;1;3;Cj7;A2;line_t_dlas
79.2772789116;0.0856235827664;4;4;87;2;4;0.216723356009;"""4/4""";75;25;0;3;Cj7;A2;line_t_dlas
79.3672562358;0.0943310657596;4;2;87;3;1;0.22022675737;"""4/4""";74;25;0;3;Cj7;A2;line_t_dlas
79.4659410431;0.120453514739;4;2;87;3;2;0.22022675737;"""4/4""";72;25;0;3;Cj7;A2;line_t_dlas
79.596553288;0.105941043084;4;2;87;4;1;0.22022675737;"""4/4""";71;25;0;3;Cj7;A2;line_t_dlas
79.7053968254;0.0972335600907;4;2;87;4;2;0.22022675737;"""4/4""";69;25;0;3;Cj7;A2;line_t_dlas
79.8058956916;0.089977324263;4;2;88;1;1;0.214988662132;"""4/4""";67;25;0;3;Cj7;A2;line_t_dlas
79.8998639456;0.107392290249;4;2;88;1;2;0.214988662132;"""4/4""";65;25;0;3;Cj7;A2;line_t_dlas
80.0319274376;0.089977324263;4;2;88;2;1;0.214988662132;"""4/4""";62;25;0;3;Cj7;A2;line_t_dlas
80.1295918367;0.0826530612245;4;2;88;2;2;0.214988662132;"""4/4""";63;25;0;3;Cj7;A2;line_t_dlas
80.2162358277;0.105941043084;4;1;88;3;1;0.22626984127;"""4/4""";64;25;0;3;Cj7;A2;line_t_dlas
80.712244898;0.0867346938776;4;2;89;1;1;0.221428571429;"""4/4""";73;26;1;3;C-7;A2;lick
80.8040816327;0.191836734694;4;2;89;1;2;0.221428571429;"""4/4""";74;26;0;3;C-7;A2;lick
81.1265306122;0.295918367347;4;1;89;3;1;0.227414965986;"""4/4""";72;26;0;3;C-7;A2;lick
81.4367346939;0.0857142857143;4;4;89;4;3;0.227414965986;"""4/4""";70;26;0;3;C-7;A2;lick
81.5325170068;0.107392290249;4;4;89;4;4;0.227414965986;"""4/4""";69;26;0;3;C-7;A2;lick
81.6457142857;0.114648526077;4;2;90;1;2;0.219546485261;"""4/4""";67;26;0;3;F7;A2;lick
81.7676190476;0.0536961451247;4;3;90;2;1;0.219546485261;"""4/4""";67;26;0;3;F7;A2;lick
81.8314739229;0.137868480726;4;3;90;2;2;0.219546485261;"""4/4""";64;26;0;3;F7;A2;lick
81.9896598639;0.087074829932;4;1;90;3;1;0.199455782313;"""4/4""";65;26;0;3;F7;A2;lick
82.5135600907;0.0914285714286;4;2;91;1;2;0.217256235828;"""4/4""";58;27;1;3;Bbj7;A2;line_w
82.6195011338;0.116099773243;4;2;91;2;1;0.217256235828;"""4/4""";62;27;0;3;Bbj7;A2;line_w
82.7385034014;0.0885260770975;4;2;91;2;2;0.217256235828;"""4/4""";65;27;0;3;Bbj7;A2;line_w
82.8400907029;0.0740136054422;4;2;91;3;1;0.20783446712;"""4/4""";63;27;0;3;Bbj7;A2;line_w
82.9199092971;0.114648526077;4;2;91;3;2;0.20783446712;"""4/4""";65;27;0;3;Bbj7;A2;line_w
83.0389115646;0.114648526077;4;2;91;4;1;0.20783446712;"""4/4""";67;27;0;3;Bbj7;A2;line_w
83.1593650794;0.100136054422;4;2;91;4;2;0.20783446712;"""4/4""";69;27;0;3;Bbj7;A2;line_w
83.2696598639;0.0667573696145;4;2;92;1;1;0.212641723356;"""4/4""";70;27;0;3;Ebj7;A2;line_w
83.3436734694;0.108843537415;4;2;92;1;2;0.212641723356;"""4/4""";68;27;0;3;Ebj7;A2;line_w
83.4568707483;0.0986848072562;4;2;92;2;1;0.212641723356;"""4/4""";69;27;0;3;Ebj7;A2;line_w
83.5758730159;0.087074829932;4;2;92;2;2;0.212641723356;"""4/4""";72;27;0;3;Ebj7;A2;line_w
83.6658503401;0.130612244898;4;2;92;3;1;0.223129251701;"""4/4""";75;27;0;3;Ebj7;A2;line_w
83.8008163265;0.103038548753;4;2;92;3;2;0.223129251701;"""4/4""";77;27;0;3;Ebj7;A2;line_w
83.9183673469;0.0783673469388;4;2;92;4;1;0.223129251701;"""4/4""";77;27;0;3;Ebj7;A2;line_w
84.0010884354;0.117551020408;4;2;92;4;2;0.223129251701;"""4/4""";75;27;0;3;Ebj7;A2;line_w
84.1287981859;0.104489795918;4;2;93;1;1;0.224489795918;"""4/4""";74;27;0;3;E-7;A2;line_w
84.2405442177;0.114648526077;4;2;93;1;2;0.224489795918;"""4/4""";72;27;0;3;E-7;A2;line_w
84.3595464853;0.0972335600907;4;2;93;2;1;0.224489795918;"""4/4""";71;27;0;3;E-7;A2;line_w
84.4741950113;0.0914285714286;4;2;93;2;2;0.224489795918;"""4/4""";69;27;0;3;E-7;A2;line_w
84.5757823129;0.089977324263;4;2;93;3;1;0.214965986395;"""4/4""";70;27;0;3;E-7;A2;line_w
84.6759183673;0.0957823129252;4;2;93;3;2;0.214965986395;"""4/4""";69;27;0;3;E-7;A2;line_w
84.7760544218;0.0943310657596;4;2;93;4;1;0.214965986395;"""4/4""";67;27;0;3;E-7;A2;line_w
84.9153741497;0.065306122449;4;2;93;4;2;0.214965986395;"""4/4""";63;27;0;3;E-7;A2;line_w
84.9893877551;0.288798185941;4;1;94;1;1;0.212403628118;"""4/4""";69;27;0;3;E-7;A2;~melody
85.293877551;0.118367346939;4;2;94;2;2;0.212403628118;"""4/4""";69;27;0;3;A7;A2;~melody
85.4712018141;0.355555555556;4;1;94;3;1;0.227335600907;"""4/4""";73;27;0;3;A7;A2;~melody
85.9022222222;0.619682539683;4;1;95;1;1;0.215306122449;"""4/4""";66;27;0;3;Dj7;A2;~melody
86.5422222222;0.156734693878;4;1;95;4;1;0.217902494331;"""4/4""";69;27;0;3;Dj7;A2;~melody
87.1546485261;0.0972335600907;4;2;96;3;1;0.211326530612;"""4/4""";66;28;1;3;E-7;A2;lick
87.259138322;0.303310657596;4;2;96;3;2;0.211326530612;"""4/4""";64;28;0;3;A79#;A2;lick
87.5682539683;0.452789115646;4;1;97;1;1;0.22037414966;"""4/4""";61;28;0;3;A79#;A2;lick
